dll,method
ManuallyCollected.dll,BinarySearch
ManuallyCollected.dll,Switches1
ManuallyCollected.dll,Switches2
ManuallyCollected.dll,Switches3
ManuallyCollected.dll,Switches4
ManuallyCollected.dll,Switches5
ManuallyCollected.dll,NestedFors
ManuallyCollected.dll,SearchKMP
ManuallyCollected.dll,BellmanFord
ManuallyCollected.dll,bsPartition
ManuallyCollected.dll,matrixInverse
ManuallyCollected.dll,determinant
ManuallyCollected.dll,getCofactor
ManuallyCollected.dll,fillRemaining
ManuallyCollected.dll,waysToIncreaseLCSBy1
ManuallyCollected.dll,BinaryMaze1BFS
ManuallyCollected.dll,findShortestPathLength
ManuallyCollected.dll,countIslands
ManuallyCollected.dll,MatrixQueryModifyMatrix
ManuallyCollected.dll,RedBlackTreeInsert
ManuallyCollected.dll,KMPSearchMain
ManuallyCollected.dll,BinSearchMain
ManuallyCollected.dll,MatrixMultiplicationMain
ManuallyCollected.dll,MatrixInverseMain
ManuallyCollected.dll,SudokuMain
ManuallyCollected.dll,LCSMain
ManuallyCollected.dll,BinaryMaze1Main
ManuallyCollected.dll,BinaryMaze2Main
ManuallyCollected.dll,IslandsMain
ManuallyCollected.dll,MatrixQueryMain
ManuallyCollected.dll,LoanExamBuild
ManuallyCollected.dll,multiply_matrix
ManuallyCollected.dll,adjoint
ManuallyCollected.dll,bridge
ManuallyCollected.dll,PrimeFactorCount
Advanced.Algorithms.dll,FindArticulationPoints
Advanced.Algorithms.dll,FindBridges
Advanced.Algorithms.dll,Compress
Advanced.Algorithms.dll,FindGCD
Advanced.Algorithms.dll,FindIntersections
Advanced.Algorithms.dll,BaseConvert
Advanced.Algorithms.dll,FindAllPairShortestPathsJohnsons
Advanced.Algorithms.dll,FindCombinationRecurse
Advanced.Algorithms.dll,FindPermutationRecurse
Advanced.Algorithms.dll,FindSubsetRecurse
Advanced.Algorithms.dll,CalcBase10LogFloor
Advanced.Algorithms.dll,bucketSort
Advanced.Algorithms.dll,GetMaxBiPartiteMatchingMain
Advanced.Algorithms.dll,SuffixTree`1.Insert
Advanced.Algorithms.dll,SuffixTree`1.Delete
Advanced.Algorithms.dll,SuffixTree`1.Contains
Advanced.Algorithms.dll,SuffixTree`1.StartsWith
Advanced.Algorithms.dll,BpTree`1.HasItem
Advanced.Algorithms.dll,BpTree`1.Insert
Advanced.Algorithms.dll,BpTree`1.Delete
JetBrains.Lifetimes.dll,CompactList`1.LastIndexOf
JetBrains.Lifetimes.dll,CompactList`1.Add
JetBrains.Lifetimes.dll,CompactList`1.ToArray
JetBrains.Lifetimes.dll,CompactList`1.RemoveAt
JetBrains.Lifetimes.dll,CopyOnWriteList`1.Add
JetBrains.Lifetimes.dll,CopyOnWriteList`1.Clear
JetBrains.Lifetimes.dll,CopyOnWriteList`1.Remove
JetBrains.Lifetimes.dll,CopyOnWriteList`1.RemoveAt
JetBrains.Lifetimes.dll,CopyOnWriteList`1.Insert
JetBrains.Lifetimes.dll,JetPriorityQueue`1.Add
JetBrains.Lifetimes.dll,JetPriorityQueue`1.Clear
JetBrains.Lifetimes.dll,JetPriorityQueue`1.TryExtract
JetBrains.Lifetimes.dll,JetPriorityQueue`1.TryPeek
JetBrains.Lifetimes.dll,ReactiveEx.AdviseUntil
JetBrains.Lifetimes.dll,ReactiveEx.AdviseOnce
JetBrains.Lifetimes.dll,Types.ToString
Algorithms.dll,Permutations.IsAnargram
Algorithms.dll,HeapSorter.HeapSortAscending
Algorithms.dll,OddEvenSorter.OddEvenSortAscending
Algorithms.dll,BubbleSorter.BubbleSortAscending
Algorithms.dll,CountingSorter.CountingSort
Algorithms.dll,CycleSorter.CycleSortAscending
Algorithms.dll,GnomeSorter.GnomeSortAscending
Algorithms.dll,InsertionSorter.InsertionSort
Algorithms.dll,SelectionSorter.SelectionSortAscending
Algorithms.dll,ShellSorter.ShellSortAscending
Algorithms.dll,GreatestCommonDivisor.FindGCDEuclidean
Algorithms.dll,GreatestCommonDivisor.FindGCDStein
Algorithms.dll,SieveOfEratosthenes.GeneratePrimesUpTo
BizHawk.Emulation.DiscSystem.dll,DiscMountJob.Run
BizHawk.Emulation.DiscSystem.dll,DiscHasher.OldHash
BizHawk.Emulation.Cores.dll,TI83LinkPort.Update
BizHawk.Emulation.Cores.dll,AmstradGateArray.ClockCycle
BizHawk.Emulation.Cores.dll,AmstradGateArray.GetVideoBuffer
BizHawk.Emulation.Cores.dll,CRCT_6845.ClockCycle
BizHawk.Emulation.Cores.dll,CRTC6845.CycleClock
BizHawk.Emulation.Cores.dll,CRTC6845.ReadPort
BizHawk.Emulation.Cores.dll,ScanLine.AddDisplayValue
BizHawk.Emulation.Cores.dll,ScanLine.CommitScanline
BizHawk.Emulation.Cores.dll,MC68000.Disassemble
BizHawk.Emulation.Cores.dll,I8048.Disassemble
BizHawk.Emulation.Cores.dll,I8048.ExecuteOne
BizHawk.Emulation.Cores.dll,MC6800.ExecuteOne
BizHawk.Emulation.Cores.dll,MOS6502X`1.State
BizHawk.Emulation.Cores.dll,NECUPD765.ReadPort
BizHawk.Emulation.Cores.dll,NECUPD765.SetUnitSelect
BizHawk.Emulation.Cores.dll,CPCBase.PollInput
BizHawk.Emulation.Cores.dll,CPCBase.DecodeINPort
BizHawk.Emulation.Cores.dll,GateArrayBase.SetupScreenMapping
BizHawk.Emulation.Cores.dll,GateArrayBase.ClockCycle
BizHawk.Emulation.Cores.dll,CPC6128.InitROM
BizHawk.Emulation.Cores.dll,CPC6128.WritePort
BizHawk.Emulation.Cores.dll,AmstradCPC.GetFirmware
BizHawk.Emulation.Cores.dll,AmstradCPC.OSD_ShowDiskStatus
BizHawk.Emulation.Cores.dll,G64.Write
BizHawk.Emulation.Cores.dll,Prg.Load
BizHawk.Emulation.Cores.dll,Tape.ExecuteCycle
BizHawk.Emulation.Cores.dll,Chip90611401.Write
BizHawk.Emulation.Cores.dll,Sid.Flush
BizHawk.Emulation.Cores.dll,Sid.Write
BizHawk.Emulation.Cores.dll,Envelope.ExecutePhase2
BizHawk.Emulation.Cores.dll,Via.Write
BizHawk.Emulation.Cores.dll,Vic.ExecutePhase1
BizHawk.Emulation.Cores.dll,Vic.Read
Virtu.dll,DiskIIController.ReadIoRegionC0C0
Virtu.dll,DiskIIController.WriteIoRegionC0C0
BizHawk.Common.dll,BPSPayload.DoPatch
BizHawk.Common.dll,Common.BPSPatcher.Patch
BizHawk.Common.dll,Common.DeltaSerializer.GetDelta
BizHawk.Common.dll,Common.FFmpegService.Run
BizHawk.Common.dll,Common.Serializer.SyncFixedString
BizHawk.Client.Common.dll,Client.Common.XmlGame.Create
JetBrains.Lifetimes.dll,Collections.CollectionEx.ContentHashCode
JetBrains.Lifetimes.dll,Collections.CollectionEx.TryDequeue
JetBrains.Lifetimes.dll,Collections.CollectionEx.Enqueued
JetBrains.Lifetimes.dll,Collections.CompactList`1.Add
JetBrains.Lifetimes.dll,Collections.CompactList`1.Clear
JetBrains.Lifetimes.dll,Collections.CompactList`1.GetEnumerator
JetBrains.Lifetimes.dll,Collections.CompactList`1.LastIndexOf
JetBrains.Lifetimes.dll,Collections.CompactList`1.RemoveAt
JetBrains.Lifetimes.dll,Collections.CompactList`1.ToArray
JetBrains.Lifetimes.dll,Collections.CopyOnWriteList`1.Add
JetBrains.Lifetimes.dll,Collections.CopyOnWriteList`1.Clear
JetBrains.Lifetimes.dll,Collections.CopyOnWriteList`1.Contains
JetBrains.Lifetimes.dll,Collections.CopyOnWriteList`1.CopyTo
JetBrains.Lifetimes.dll,Collections.CopyOnWriteList`1.GetEnumerator
JetBrains.Lifetimes.dll,Collections.CopyOnWriteList`1.IndexOf
JetBrains.Lifetimes.dll,Collections.CopyOnWriteList`1.Insert
JetBrains.Lifetimes.dll,Collections.CopyOnWriteList`1.Remove
JetBrains.Lifetimes.dll,Collections.CopyOnWriteList`1.RemoveAt
JetBrains.Lifetimes.dll,Util.BitHacks.Log2Floor
JetBrains.Lifetimes.dll,Util.BitHacks.Log2Ceil
JetBrains.Lifetimes.dll,Util.BitHacks.NumberOfBitSet
JetBrains.Lifetimes.dll,Util.StaticsForType`1.AddFirst
JetBrains.Lifetimes.dll,Util.StaticsForType`1.AddLast
JetBrains.Lifetimes.dll,Util.StaticsForType`1.ForEachValue
JetBrains.Lifetimes.dll,Util.StaticsForType`1.PeekFirst
JetBrains.Lifetimes.dll,Util.StaticsForType`1.PeekLast
JetBrains.Lifetimes.dll,Util.StaticsForType`1.RemoveLastReferenceEqual
JetBrains.Lifetimes.dll,Util.StaticsForType`1.ReplaceFirst
JetBrains.Lifetimes.dll,Util.Statics.For
JetBrains.Lifetimes.dll,Util.LocalStopwatch.StartNew
JetBrains.Lifetimes.dll,Util.LocalStopwatch.GetElapsedDateTimeTicks
JetBrains.Lifetimes.dll,Util.Types.OptionalTypeInfo
JetBrains.Lifetimes.dll,Util.Types.ToString
JetBrains.Lifetimes.dll,Collections.Viewable.ReactiveEx.AddLifetimed
JetBrains.Lifetimes.dll,Collections.Viewable.SingleThreadScheduler.CreateOverExisting
JetBrains.Lifetimes.dll,Collections.Viewable.SingleThreadScheduler.Queue
Unity.dll,ShaderStringBuilder.AppendLines
Unity.dll,ShaderStringBuilder.Concat
Unity.dll,ShaderStringBuilder.Dispose
Unity.dll,SlotValueHelper.AreCompatible
Unity.dll,HlslTokenizer.GetOperatorToken
Unity.dll,HlslTokenizer.ParseNumericLiteral
Unity.dll,HlslTokenizer.Init
Unity.dll,PartialDerivUtilWriter.MakeBinaryFunc
Unity.dll,PartialDerivUtilWriter.MakeSingleFunc
Unity.dll,PartialDerivUtilWriter.MakeImplicitCast
Unity.dll,PartialDerivUtilWriter.GenerateDefinitionsAndFuncs
Unity.dll,HlslParser.ParseStruct
Unity.dll,HlslParser.ParseStatement
Unity.dll,HlslGenerator.MarkApdNodesAndVariablesIsLegal
Unity.dll,HlslGenerator.CalculateApdDependenciesRecurse
Unity.dll,HlslGenerator.GenerateNodeExpression
Unity.dll,Collections.Bitwise.FindUlong
Unity.dll,Collections.Bitwise.FindUpto6bits
Unity.dll,Collections.ConcurrentMask.AtomicAnd
Unity.dll,xxHash3.Hash64Internal
Unity.dll,ObserverManager.NotifyObservers
Unity.dll,UnsafeList`1.InsertRangeWithBeginEnd
